INSERT INTO plans (planID, start_date, end_date, name, region, event_name, description) VALUES
(1, '2023-01-01', '2023-12-31', 'Wylfa Nuclear Meltdown', 'Wylfa', 'Nuclear Crisis Management', 'Emergency response to nuclear meltdown'),
(2, '2023-01-01', '2023-12-31', 'London Virus Outbreak', 'London', 'Virus Containment Effort', 'Response to widespread virus outbreak in London'),
(3, '2023-01-01', '2023-12-31', 'Paris Earthquake Response', 'Paris', 'Earthquake Relief', 'Relief efforts for earthquake in Paris');


INSERT INTO admins (adminID, first_name, last_name, username, password, date_of_birth, phone) VALUES
(1, 'Alice', 'Smith', 'alice123', 'pass123', '1980-01-01', '555-0101'),
(2, 'Bob', 'Johnson', 'bob123', 'pass123', '1981-02-01', '555-0102'),
(3, 'Carol', 'Williams', 'carol123', 'pass123', '1982-03-01', '555-0103'),
(4, 'David', 'Brown', 'david123', 'pass123', '1983-04-01', '555-0104'),
(5, 'Eve', 'Jones', 'eve123', 'pass123', '1984-05-01', '555-0105');


INSERT INTO camps (campID, location, max_shelter, water, max_water, food, max_food, medical_supplies, max_medical_supplies, planID) VALUES
(1, 'Camden', 71, 409, 562, 478, 593, 164, 214, 2),
(2, 'Greenwich', 198, 103, 190, 335, 502, 57, 119, 2),
(3, 'Snowdonia', 179, 334, 545, 310, 531, 160, 248, 1),
(4, 'Richmond', 135, 470, 741, 175, 360, 98, 181, 2),
(5, 'Versailles', 164, 260, 537, 394, 637, 88, 222, 3),
(6, 'Montmartre', 171, 238, 372, 197, 284, 156, 217, 3),
(7, 'Anglesey', 182, 380, 451, 449, 746, 136, 230, 1),
(8, 'Aberdaron', 54, 267, 407, 449, 539, 138, 198, 1),
(9, 'Marais', 168, 481, 687, 177, 392, 155, 303, 3),
(10, 'Llandudno', 124, 414, 661, 263, 458, 105, 213, 1),
(11, 'Wimbledon', 190, 153, 294, 403, 513, 158, 217, 2),
(12, 'Brixton', 177, 169, 463, 431, 578, 165, 250, 2),
(13, 'Belleville', 160, 497, 569, 428, 575, 172, 279, 3),
(14, 'Montparnasse', 193, 383, 576, 361, 590, 175, 225, 3),
(15, 'Conwy', 139, 300, 548, 425, 694, 87, 167, 1),
(16, 'Saint-Germain', 130, 347, 435, 259, 344, 67, 206, 3),
(17, 'Bastille', 78, 153, 368, 458, 722, 60, 187, 3),
(18, 'La Chapelle', 88, 174, 434, 200, 435, 162, 240, 3),
(19, 'Oberkampf', 98, 461, 603, 184, 274, 170, 252, 3),
(20, 'Shoreditch', 63, 360, 552, 415, 653, 166, 250, 2);







INSERT INTO volunteers VALUES 
(1, 'Michael', 'Williams', 'jjones1', 'pass', '1986-03-25', '555-812-5460', 'Active', 11),
(2, 'Elizabeth', 'Garcia', 'lrodriguez2', 'pass', '1998-04-07', '555-416-1396', 'Active', 5),
(3, 'Mary', 'Williams', 'rdavis3', 'pass', '1993-04-10', '555-718-5482', 'Inactive', 1),
(4, 'James', 'Garcia', 'jbrown4', 'pass', '1998-01-13', '555-261-8163', 'Active', 1),
(5, 'Patricia', 'Johnson', 'pjohnson5', 'pass', '1992-02-07', '555-990-5311', 'Inactive', 7),
(6, 'Patricia', 'Martinez', 'ljones6', 'pass', '2000-12-24', '555-125-5228', 'Inactive', 10),
(7, 'Mary', 'Martinez', 'jmiller7', 'pass', '1971-03-19', '555-785-8777', 'Active', 7),
(8, 'John', 'Jones', 'lbrown8', 'pass', '1971-10-08', '555-315-3013', 'Inactive', 3),
(9, 'Michael', 'Johnson', 'jgarcia9', 'pass', '1977-09-23', '555-900-8343', 'Inactive', 10),
(10, 'Jennifer', 'Miller', 'prodriguez10', 'pass', '1986-01-01', '555-949-5827', 'Inactive', 10),
(11, 'James', 'Rodriguez', 'wmartinez11', 'pass', '1997-01-12', '555-978-1129', 'Inactive', 7),
(12, 'John', 'Smith', 'jsmith12', 'pass', '1993-05-28', '555-747-1912', 'Inactive', 1),
(13, 'Jennifer', 'Brown', 'lwilliams13', 'pass', '1988-10-09', '555-986-5681', 'Inactive', 2),
(14, 'Michael', 'Jones', 'jsmith14', 'pass', '1988-09-08', '555-567-1308', 'Active', 1),
(15, 'James', 'Miller', 'wjones15', 'pass', '1983-03-28', '555-923-9116', 'Inactive', 8),
(16, 'John', 'Williams', 'jrodriguez16', 'pass', '1975-10-02', '555-155-3398', 'Active', 4),
(17, 'James', 'Jones', 'lrodriguez17', 'pass', '1978-10-09', '555-345-1083', 'Inactive', 4),
(18, 'Robert', 'Brown', 'emiller18', 'pass', '1984-02-01', '555-409-9962', 'Inactive', 6),
(19, 'Michael', 'Smith', 'rsmith19', 'pass', '1983-11-26', '555-164-8972', 'Inactive', 4),
(20, 'Michael', 'Rodriguez', 'rsmith20', 'pass', '1973-02-17', '555-346-3098', 'Active', 5),
(21, 'Robert', 'Davis', 'wgarcia21', 'pass', '1989-05-02', '555-570-6934', 'Active', 8),
(22, 'William', 'Williams', 'jmartinez22', 'pass', '1977-12-28', '555-198-7654', 'Inactive', 2),
(23, 'Jennifer', 'Jones', 'rjones23', 'pass', '1999-07-15', '555-222-1234', 'Active', 3),
(24, 'John', 'Brown', 'jbrown24', 'pass', '1985-08-19', '555-234-5678', 'Inactive', 4),
(25, 'James', 'Smith', 'jsmith25', 'pass', '1976-11-30', '555-345-6789', 'Active', 5),
(26, 'Patricia', 'Johnson', 'pjohnson26', 'pass', '1987-06-21', '555-456-7890', 'Inactive', 6),
(27, 'Elizabeth', 'Rodriguez', 'erodriguez27', 'pass', '1978-04-10', '555-567-8901', 'Active', 7),
(28, 'Michael', 'Garcia', 'mgarcia28', 'pass', '1982-09-17', '555-678-9012', 'Inactive', 8),
(29, 'Linda', 'Miller', 'lmiller29', 'pass', '1979-12-06', '555-789-0123', 'Active', 9),
(30, 'William', 'Martinez', 'wmartinez30', 'pass', '1990-03-22', '555-890-1234', 'Inactive', 10),
(31, 'Jennifer', 'Smith', 'jsmith31', 'pass', '1988-10-14', '555-901-2345', 'Active', 11),
(32, 'Mary', 'Johnson', 'mjohnson32', 'pass', '1991-01-18', '555-012-3456', 'Inactive', 12),
(33, 'David', 'Brown', 'dbrown33', 'pass', '1974-07-28', '555-123-4567', 'Active', 1),
(34, 'Elizabeth', 'Davis', 'edavis34', 'pass', '1980-05-05', '555-234-5678', 'Inactive', 2),
(35, 'Patricia', 'Rodriguez', 'prodriguez35', 'pass', '1977-11-17', '555-345-6789', 'Active', 3),
(36, 'James', 'Martinez', 'jmartinez36', 'pass', '1984-02-26', '555-456-7890', 'Inactive', 4),
(37, 'John', 'Garcia', 'jgarcia37', 'pass', '1975-08-30', '555-567-8901', 'Active', 5),
(38, 'Robert', 'Williams', 'rwilliams38', 'pass', '1983-09-15', '555-678-9012', 'Inactive', 6),
(39, 'Mary', 'Brown', 'mbrown39', 'pass', '1981-06-07', '555-789-0123', 'Active', 7),
(40, 'Michael', 'Jones', 'mjones40', 'pass', '1972-04-12', '555-890-1234', 'Inactive', 8),
(41, 'John', 'Davis', 'jdavis41', 'pass', '1986-03-29', '555-901-2345', 'Active', 9),
(42, 'Jennifer', 'Martinez', 'jmartinez42', 'pass', '1973-12-21', '555-012-3456', 'Inactive', 10),
(43, 'Elizabeth', 'Rodriguez', 'erodriguez43', 'pass', '1989-05-16', '555-123-4567', 'Active', 11),
(44, 'David', 'Johnson', 'djohnson44', 'pass', '1978-07-23', '555-234-5678', 'Inactive', 12),
(45, 'Mary', 'Smith', 'msmith45', 'pass', '1971-10-30', '555-345-6789', 'Active', 1),
(46, 'William', 'Brown', 'wbrown46', 'pass', '1987-02-15', '555-456-7890', 'Inactive', 2),
(47, 'Patricia', 'Williams', 'pwilliams47', 'pass', '1981-09-03', '555-567-8901', 'Active', 3),
(48, 'Jennifer', 'Garcia', 'jgarcia48', 'pass', '1974-11-20', '555-678-9012', 'Inactive', 4),
(49, 'Michael', 'Miller', 'mmiller49', 'pass', '1985-04-08', '555-789-0123', 'Active', 5),
(50, 'Robert', 'Martinez', 'rmartinez50', 'pass', '1979-06-26', '555-890-1234', 'Inactive', 6),
(51, 'Elizabeth', 'Jones', 'ejones51', 'pass', '1982-01-11', '555-901-2345', 'Active', 7),
(52, 'David', 'Smith', 'dsmith52', 'pass', '1976-08-19', '555-012-3456', 'Inactive', 8),
(53, 'Mary', 'Johnson', 'mjohnson53', 'pass', '1983-03-24', '555-123-4567', 'Active', 9),
(54, 'John', 'Brown', 'jbrown54', 'pass', '1970-05-30', '555-234-5678', 'Inactive', 10),
(55, 'Linda', 'Rodriguez', 'lrodriguez55', 'pass', '1990-01-05', '555-345-6789', 'Inactive', 11),
(56, 'William', 'Garcia', 'wgarcia56', 'pass', '1975-07-13', '555-456-7890', 'Active', 12),
(57, 'James', 'Miller', 'jmiller57', 'pass', '1988-06-17', '555-567-8901', 'Inactive', 1),
(58, 'Patricia', 'Martinez', 'pmartinez58', 'pass', '1984-03-22', '555-678-9012', 'Active', 2),
(59, 'Elizabeth', 'Johnson', 'ejohnson59', 'pass', '1973-10-29', '555-789-0123', 'Inactive', 3),
(60, 'Robert', 'Williams', 'rwilliams60', 'pass', '1977-02-15', '555-890-1234', 'Active', 4),
(61, 'Linda', 'Brown', 'lbrown61', 'pass', '1989-01-11', '555-901-2345', 'Inactive', 5),
(62, 'John', 'Smith', 'jsmith62', 'pass', '1982-08-19', '555-012-3456', 'Active', 6),
(63, 'William', 'Johnson', 'wjohnson63', 'pass', '1974-04-08', '555-123-4567', 'Inactive', 7),
(64, 'Mary', 'Garcia', 'mgarcia64', 'pass', '1979-06-26', '555-234-5678', 'Active', 8),
(65, 'James', 'Rodriguez', 'jrodriguez65', 'pass', '1981-01-11', '555-345-6789', 'Inactive', 9),
(66, 'Patricia', 'Jones', 'pjones66', 'pass', '1983-08-19', '555-456-7890', 'Active', 10),
(67, 'Elizabeth', 'Miller', 'emiller67', 'pass', '1970-03-24', '555-567-8901', 'Inactive', 11),
(68, 'Robert', 'Martinez', 'rmartinez68', 'pass', '1978-05-30', '555-678-9012', 'Active', 12),
(69, 'Linda', 'Smith', 'lsmith69', 'pass', '1987-01-05', '555-789-0123', 'Inactive', 1),
(70, 'John', 'Johnson', 'jjohnson70', 'pass', '1975-07-13', '555-890-1234', 'Active', 2);
